9.133853201691273238e-01,-1.310706092832616965e-01,1.000000000000000000e+00
-1.393894876431364560e+00,-1.373789917844523645e+00,0.000000000000000000e+00
-3.795681546678536522e-01,1.404828552854106238e+00,0.000000000000000000e+00
1.525722054175392417e+00,-1.713379332522182219e+00,1.000000000000000000e+00
1.444180577410268951e+00,-6.225483524502603006e-01,1.000000000000000000e+00
1.108896544980990662e+00,-1.456432572221525890e+00,1.000000000000000000e+00
8.619636842936365118e-02,1.495381597720384592e+00,0.000000000000000000e+00
1.547742690022164913e+00,-1.450419524426318940e+00,1.000000000000000000e+00
8.941904928024958510e-01,-1.867161151565748023e+00,1.000000000000000000e+00
-9.725031698506161337e-01,1.031357685721185080e-01,0.000000000000000000e+00
7.288720628992328976e-01,-6.816117388813167088e-02,1.000000000000000000e+00
7.392739298212199772e-01,5.114652519206327463e-01,1.000000000000000000e+00
-2.429600676494611811e-01,1.093084418821380632e+00,0.000000000000000000e+00
1.668072876508414737e+00,-1.545375210120323972e+00,1.000000000000000000e+00
1.136661590583067039e+00,-1.587111412017895962e+00,1.000000000000000000e+00
-1.111615911071551555e+00,-6.992848849630448060e-02,0.000000000000000000e+00
-1.102204962416469813e+00,-5.158437462047290589e-01,0.000000000000000000e+00
-1.287036564428510665e+00,1.075087981917635105e+00,0.000000000000000000e+00
-9.459819154626416537e-01,1.389414606401008001e+00,0.000000000000000000e+00
-1.138373559879637620e+00,1.230561535997248157e+00,0.000000000000000000e+00
5.026149306548228779e-01,-7.561904713152510782e-01,1.000000000000000000e+00
9.328854468086348328e-01,9.149886093526115038e-01,1.000000000000000000e+00
-7.191523049778770771e-01,-9.379893506437939066e-02,0.000000000000000000e+00
1.330682557130126176e+00,-1.179023428529006878e+00,1.000000000000000000e+00
1.243359385881726897e+00,-4.162770603946409076e-01,1.000000000000000000e+00
-1.234656191439281514e+00,1.040598264294492425e+00,0.000000000000000000e+00
2.160202279879836207e-01,-2.264809415484346500e-01,1.000000000000000000e+00
-6.659185908042827284e-01,6.775416201722879173e-01,0.000000000000000000e+00
7.281670779654688674e-01,-1.479901854367972502e+00,1.000000000000000000e+00
6.590956925098300223e-01,-1.012245275714397819e+00,1.000000000000000000e+00
-5.702124631008655964e-01,2.228944709073814867e-01,0.000000000000000000e+00
-1.244176963797018365e+00,9.519162071350528720e-01,0.000000000000000000e+00
-7.926689536560743710e-01,5.522028875528424141e-01,0.000000000000000000e+00
1.259852543712942863e+00,-7.813913275815214110e-01,1.000000000000000000e+00
1.115851729045052920e+00,-9.411743557347005407e-01,1.000000000000000000e+00
-6.756726461111249860e-01,1.126661137073241115e+00,0.000000000000000000e+00
-1.207045903040109502e+00,-1.046107150009863762e+00,0.000000000000000000e+00
-9.155669686242545735e-01,4.204617003029651467e-01,0.000000000000000000e+00
4.648248689969130543e-01,3.848906073212363665e-01,1.000000000000000000e+00
-8.517320379164635691e-01,7.809208512315498618e-01,0.000000000000000000e+00
-1.148684787496833781e+00,-9.209811526026957518e-01,0.000000000000000000e+00
1.503699397538849625e-01,-1.123720957378915752e+00,1.000000000000000000e+00
-1.309483392895592013e+00,-3.254473230316696220e-01,0.000000000000000000e+00
-1.262108511403071009e+00,2.076976287150923695e-01,0.000000000000000000e+00
3.333693979156182041e-01,-1.296750730019895048e+00,1.000000000000000000e+00
1.194191733375234765e+00,9.822355658934598388e-01,1.000000000000000000e+00
7.803990880728139956e-01,1.224668944581660757e+00,1.000000000000000000e+00
1.278983228019312079e+00,-5.706067160146611333e-02,1.000000000000000000e+00
1.632203979159129625e+00,3.868561777845826444e-01,1.000000000000000000e+00
8.183586599860547262e-01,-1.370831133327388374e+00,1.000000000000000000e+00
1.578573706692181222e+00,1.260696441440991356e+00,1.000000000000000000e+00
-1.102443855724223772e-02,1.536105164739134388e+00,0.000000000000000000e+00
9.738584635565121772e-01,1.183357970594305142e+00,1.000000000000000000e+00
5.640492894842484839e-01,-1.245384395063010713e-01,1.000000000000000000e+00
1.673631660099632157e+00,-6.434738484579894946e-01,1.000000000000000000e+00
-4.282259967840843506e-01,5.033929773074519165e-01,0.000000000000000000e+00
1.366697787887740878e+00,1.337723596444330809e+00,1.000000000000000000e+00
9.544833907150361840e-01,1.245238124706944172e+00,1.000000000000000000e+00
-8.888029143811870814e-01,7.466499695941904990e-01,0.000000000000000000e+00
-1.239499588159022281e+00,-2.345675908952150612e-01,0.000000000000000000e+00
1.365754093184785578e+00,-1.574018244190797722e+00,1.000000000000000000e+00
-5.831484868168725910e-01,4.165330487441268326e-01,0.000000000000000000e+00
1.478318946881183260e+00,-5.517501405566365147e-01,1.000000000000000000e+00
-8.022190975545141767e-02,1.334260984507267267e+00,0.000000000000000000e+00
1.457758300906867532e+00,7.810089701370351856e-01,1.000000000000000000e+00
1.028458804125227610e+00,1.150787380152297645e+00,1.000000000000000000e+00
-1.277305494760873961e+00,1.259120280017659965e+00,0.000000000000000000e+00
7.155334522383735019e-01,-1.533640590564615547e+00,1.000000000000000000e+00
-2.615963959993345966e-01,-1.390464413522955134e+00,1.000000000000000000e+00
1.666121344147191596e+00,-1.141682368077140186e+00,1.000000000000000000e+00
6.769923343694179696e-01,-5.626542302238241033e-01,1.000000000000000000e+00
-1.382868546221397654e+00,3.870065091469742091e-01,0.000000000000000000e+00
-9.450175413336161512e-01,-7.008812695493432665e-01,0.000000000000000000e+00
1.444171819449207472e+00,1.048711746024209468e+00,1.000000000000000000e+00
1.328931301777996676e+00,9.692818875933064682e-01,1.000000000000000000e+00
-6.160312818190444295e-01,-1.395464083271594213e-01,0.000000000000000000e+00
-1.009269873664941475e+00,1.118253488576996135e+00,0.000000000000000000e+00
-3.880284255206910282e-02,-1.895237184131466579e+00,1.000000000000000000e+00
4.064487698966786078e-01,-3.694610591894000873e-01,1.000000000000000000e+00
-1.053310467199811473e+00,-9.882316151082285449e-01,0.000000000000000000e+00
1.809946840454207048e-02,-5.280091665604488282e-01,1.000000000000000000e+00
-1.174277558032742030e+00,8.736449816212228381e-01,0.000000000000000000e+00
1.280317299218308502e+00,7.132800314551954735e-01,1.000000000000000000e+00
-1.025204962123723362e+00,1.498873629629998983e-01,0.000000000000000000e+00
1.165811301647145415e+00,-1.302202970077486865e+00,1.000000000000000000e+00
-1.063317106356182151e+00,7.807587773339365045e-01,0.000000000000000000e+00
9.032646311384768811e-01,1.292609064720433354e+00,1.000000000000000000e+00
-1.225883343008688398e+00,6.339261267975641045e-01,0.000000000000000000e+00
-6.021980155130093326e-01,-1.568902047932392574e-02,0.000000000000000000e+00
1.221262807653968663e+00,-3.814079578306421303e-01,1.000000000000000000e+00
-1.257149793677154737e+00,1.117839041843561754e+00,0.000000000000000000e+00
1.442953227203579991e-01,-1.474782957968636010e+00,1.000000000000000000e+00
6.103816367416693422e-01,-1.147141324299595810e+00,1.000000000000000000e+00
-7.576600132221376072e-01,8.644485920319575079e-02,0.000000000000000000e+00
-1.296021847510245850e+00,1.163586809952113325e-02,0.000000000000000000e+00
6.397372236502597842e-02,-9.940165544804795417e-01,1.000000000000000000e+00
8.931500600791244526e-01,-4.900552678260746142e-01,1.000000000000000000e+00
-3.744872481059029479e-01,1.103313093931398425e+00,0.000000000000000000e+00
-2.683696316526871725e-02,-1.127926044269080608e+00,1.000000000000000000e+00
-1.228075173674437970e+00,-9.483804236202820759e-01,0.000000000000000000e+00
-7.213595108015817825e-01,1.280316115755575357e+00,0.000000000000000000e+00
6.255854739288595479e-01,4.083385922915792610e-01,1.000000000000000000e+00
-1.306666359539849331e+00,-1.326591144270218070e+00,0.000000000000000000e+00
-7.527727346889248050e-01,1.393220222428966482e+00,0.000000000000000000e+00
-1.158293833615001489e+00,-2.398976012100992317e-01,0.000000000000000000e+00
-6.901879230979151014e-01,-1.875909021813778887e-01,0.000000000000000000e+00
5.756276234762112143e-01,-1.747799793232258425e+00,1.000000000000000000e+00
1.583540389854095842e+00,8.977238652965408017e-01,1.000000000000000000e+00
1.200268768077220161e+00,-2.597352864682130336e-01,1.000000000000000000e+00
1.568385593385605237e+00,-1.101567899118952865e-01,1.000000000000000000e+00
1.108171734428678112e+00,1.414388964382703451e+00,1.000000000000000000e+00
-1.343580915274388055e+00,-6.588024149173490884e-02,0.000000000000000000e+00
-1.329847789339891229e+00,4.097959005804792665e-01,0.000000000000000000e+00
-3.262884962524685850e-01,9.337403090701248409e-01,0.000000000000000000e+00
1.004599312126264188e+00,3.223251873536095991e-01,1.000000000000000000e+00
-8.505850637796734670e-01,-6.286090728836422059e-01,0.000000000000000000e+00
6.184688900586398086e-01,-7.745241847664392776e-02,1.000000000000000000e+00
1.178065370622382702e+00,-1.795222622808451129e+00,1.000000000000000000e+00
-7.217036777856031260e-02,-1.890213485888861289e+00,1.000000000000000000e+00
1.033767027537984440e+00,7.801461963464051408e-01,1.000000000000000000e+00
-1.075047453708152689e+00,-2.283780516856173393e-01,0.000000000000000000e+00
6.534435008932987232e-01,-4.498015615775305398e-01,1.000000000000000000e+00
-2.771491935755875380e-01,1.241971373810920376e+00,0.000000000000000000e+00
-2.393469047245162240e-01,7.360195927844139785e-01,0.000000000000000000e+00
-9.940087409095009763e-01,1.405492039947973559e+00,0.000000000000000000e+00
1.608560335935707908e+00,1.415950969952532779e+00,1.000000000000000000e+00
3.126691080799771649e-01,-1.249322073069374595e+00,1.000000000000000000e+00
-1.041746835198376742e+00,-9.522356933647279087e-01,0.000000000000000000e+00
4.633906888263529811e-01,4.827233254681746050e-02,1.000000000000000000e+00
8.190832964480270206e-01,-1.930357498313753084e-01,1.000000000000000000e+00
-1.360829135153080571e+00,4.084666027616016271e-01,0.000000000000000000e+00
-1.255896844580599359e+00,2.827889264394283786e-01,0.000000000000000000e+00
-1.174684318943447048e+00,8.658987643780640120e-01,0.000000000000000000e+00
1.475861762217007822e+00,-1.273362718304330787e+00,1.000000000000000000e+00
-1.325396120590255356e+00,4.022330626845574408e-01,0.000000000000000000e+00
9.722596670278165210e-01,-8.179134357755276641e-01,1.000000000000000000e+00
-1.277404212062198674e+00,-5.359926694127563618e-01,0.000000000000000000e+00
1.298770334506521129e+00,1.431635846636181597e+00,1.000000000000000000e+00
1.209343268769216273e+00,7.155529451229623861e-02,1.000000000000000000e+00
-1.602324903325287875e-01,-9.105014607308903329e-01,1.000000000000000000e+00
-1.165495435479269704e+00,1.492077977361232932e+00,0.000000000000000000e+00
6.768683940101280494e-02,1.423781942327410732e+00,0.000000000000000000e+00
-1.017463121335747234e+00,4.936778958527542893e-01,0.000000000000000000e+00
-7.804033179804962250e-01,1.117422170859152519e+00,0.000000000000000000e+00
-1.237710049914825028e+00,1.357251469451564940e+00,0.000000000000000000e+00
-1.395386674247816927e+00,-4.491115520327368382e-01,0.000000000000000000e+00
1.284077439924648623e+00,9.986450409736813416e-01,1.000000000000000000e+00
-1.380659792814845410e+00,-8.930992936376084268e-01,0.000000000000000000e+00
-2.794024507413708225e-01,-1.476185441073680771e+00,1.000000000000000000e+00
-9.330119626224061546e-01,4.693960937301346892e-01,0.000000000000000000e+00
9.350031241187015674e-01,-5.210924778748092789e-01,1.000000000000000000e+00
3.786598690252768185e-01,-5.196709832830510578e-01,1.000000000000000000e+00
-1.365493816272775440e+00,-8.295250827918096426e-02,0.000000000000000000e+00
8.513708559501212969e-01,-1.817840134800744190e-01,1.000000000000000000e+00
-2.631836415326099798e-01,1.413219110185062188e+00,0.000000000000000000e+00
7.771120602780156039e-01,-1.053509006730771524e+00,1.000000000000000000e+00
1.441900157856620845e+00,-1.863771808782004324e+00,1.000000000000000000e+00
-2.143790573882860540e-01,1.000145688174214342e+00,0.000000000000000000e+00
1.001826956649527700e+00,3.526170037083211084e-01,1.000000000000000000e+00
-5.861982291650793542e-01,9.859678597198661132e-01,0.000000000000000000e+00
3.981277460424934023e-01,-1.488564877917101015e+00,1.000000000000000000e+00
1.252987453765942227e+00,9.022107540953498983e-01,1.000000000000000000e+00
1.223494353918285871e+00,1.340502223218841493e+00,1.000000000000000000e+00
-1.360759602870709406e+00,1.434681790395916590e+00,0.000000000000000000e+00
-2.169082361507474743e-01,1.521526712897098177e+00,0.000000000000000000e+00
-7.880009634454471223e-01,9.616779291036569033e-01,0.000000000000000000e+00
-9.993865622943634008e-01,5.067660808056927424e-01,0.000000000000000000e+00
-8.981942629478278928e-01,5.109704878631750047e-01,0.000000000000000000e+00
7.964254365901224375e-01,6.734811535449277686e-01,1.000000000000000000e+00
-1.956618431166522731e-01,1.329791975216310762e+00,0.000000000000000000e+00
1.145112588642337004e+00,2.453892758718130007e-01,1.000000000000000000e+00
-4.231187184328303874e-01,8.049783016852525286e-01,0.000000000000000000e+00
-5.593632230590788179e-01,6.990232624829622043e-01,0.000000000000000000e+00
9.567308982083981561e-02,-1.724272658981077955e+00,1.000000000000000000e+00
1.109330295203518002e+00,1.424094348433611934e+00,1.000000000000000000e+00
-1.136303627275828010e+00,-8.817972079940991081e-01,0.000000000000000000e+00
1.096707979502731911e+00,8.359125781415438494e-01,1.000000000000000000e+00
-1.272648457872980421e+00,1.468799850428835985e+00,0.000000000000000000e+00
-6.406554296029062234e-01,3.454848153632013585e-01,0.000000000000000000e+00
-1.046068767058071086e-01,-1.222630020103526949e+00,1.000000000000000000e+00
-5.175920537243511310e-01,1.031849868173464024e+00,0.000000000000000000e+00
-4.059170682153605547e-01,8.726143345913438543e-01,0.000000000000000000e+00
-4.353294589548922788e-01,-1.612940197779853202e+00,1.000000000000000000e+00
-6.801386030078552247e-01,-1.745116904868051211e-01,0.000000000000000000e+00
1.321769533575911426e+00,1.430778643743252365e+00,1.000000000000000000e+00
2.189832384754283601e-01,-1.111991183346154738e-01,1.000000000000000000e+00
-3.198811072129039701e-01,-1.883378594232398839e+00,1.000000000000000000e+00
1.545784692023325135e+00,8.776396351701081233e-01,1.000000000000000000e+00
-5.778970566463434988e-01,1.545262789711905560e+00,0.000000000000000000e+00
-8.789546606051581445e-01,7.611684363246558060e-01,0.000000000000000000e+00
1.058912317265936903e-01,1.516781328107467131e+00,0.000000000000000000e+00
8.569570303972355862e-01,-1.116904622636997857e+00,1.000000000000000000e+00
-1.320210031652034877e-01,1.070422146154776710e+00,0.000000000000000000e+00
-1.031810436766423811e-01,1.196328793505130106e+00,0.000000000000000000e+00
1.171430982105838625e+00,-8.287085837962776536e-02,1.000000000000000000e+00
-8.432944419139123404e-01,2.424587010903739848e-01,0.000000000000000000e+00
1.196360389708542860e+00,-3.617846232008692375e-01,1.000000000000000000e+00
6.240479217187446803e-01,-1.804102712303041978e+00,1.000000000000000000e+00
-1.639542044809835231e-01,1.403072286080475628e+00,0.000000000000000000e+00
6.526146776055310461e-01,-3.182595001166896309e-02,1.000000000000000000e+00
-1.334255790412712361e+00,5.893835922419634610e-01,0.000000000000000000e+00
-1.294904921310222390e+00,-7.271382091451950025e-01,0.000000000000000000e+00
1.270467871704426654e+00,1.343729017456720465e+00,1.000000000000000000e+00
5.241461513000168493e-01,-7.346474215896618976e-01,1.000000000000000000e+00
-7.985543493077746913e-01,-3.866989258347215963e-01,0.000000000000000000e+00
1.480887151201050855e+00,1.469009624506327771e+00,1.000000000000000000e+00
-8.040910719942961915e-01,5.438438176723399131e-01,0.000000000000000000e+00
1.657847031146448824e+00,-1.300513215279918589e+00,1.000000000000000000e+00
-7.837199045149944032e-01,6.282262967811802490e-01,0.000000000000000000e+00
-1.213926840929618889e+00,-2.418193194603808771e-01,0.000000000000000000e+00
-4.503447091392164814e-01,6.955222913248698680e-01,0.000000000000000000e+00
-5.495694406003932553e-01,-1.851597413985474283e+00,1.000000000000000000e+00
5.966327791999467278e-01,-1.162776640697355424e+00,1.000000000000000000e+00
1.495735391376354473e+00,7.622079173784904182e-02,1.000000000000000000e+00
-5.148081713896894840e-01,4.111297298014361945e-01,0.000000000000000000e+00
-3.397155905637311291e-01,7.742917532673452286e-01,0.000000000000000000e+00
1.211158168573307048e+00,-9.475404490269616342e-02,1.000000000000000000e+00
1.189451338367942812e+00,1.320549276046734111e+00,1.000000000000000000e+00
-1.289129427821162244e+00,1.554667741569922268e-01,0.000000000000000000e+00
1.471106718435036820e+00,3.489775207179449112e-01,1.000000000000000000e+00
8.089682304827129355e-01,4.147421406892212725e-01,1.000000000000000000e+00
-6.143430115093660993e-01,9.866287737422338999e-01,0.000000000000000000e+00
-7.190140884865223181e-02,1.270503076627728767e+00,0.000000000000000000e+00
1.374292524381210301e+00,8.866595006235893361e-01,1.000000000000000000e+00
-6.806633898863130305e-01,8.444628991202606239e-01,0.000000000000000000e+00
-9.349976326983242547e-01,9.314593351922081377e-01,0.000000000000000000e+00
1.526037392557666683e+00,-1.417032384598115424e+00,1.000000000000000000e+00
-1.000164674476936133e+00,1.516440181941278498e+00,0.000000000000000000e+00
8.911508583871174949e-01,3.145692662163474540e-01,1.000000000000000000e+00
-1.137718348278488278e+00,7.882689087007104245e-01,0.000000000000000000e+00
-1.376473427697706642e+00,-1.799329911759637746e+00,0.000000000000000000e+00
-4.687357644561160330e-01,1.395162845910012051e+00,0.000000000000000000e+00
1.476883213344174939e+00,1.202516390655208989e+00,1.000000000000000000e+00
-8.319770521713562017e-01,-3.690146805356171733e-02,0.000000000000000000e+00
9.445269383196440716e-01,4.523798728059467700e-01,1.000000000000000000e+00
-6.415174758350129514e-01,1.106658698138603292e+00,0.000000000000000000e+00
1.513560795453431362e+00,-8.405807657669762956e-02,1.000000000000000000e+00
-1.334464625214400124e+00,-1.626107428284145895e+00,0.000000000000000000e+00
1.290279932493194393e+00,-1.830393256877693053e+00,1.000000000000000000e+00
1.608308285710438268e+00,-7.139529032497774486e-01,1.000000000000000000e+00
-6.082467248021711237e-01,1.869202518593369167e-01,0.000000000000000000e+00
-6.673053113025170235e-01,6.597022163326049515e-01,0.000000000000000000e+00
1.011230927923747025e+00,-5.839444161612477036e-01,1.000000000000000000e+00
-1.341033352733290274e+00,-7.363145980849598038e-01,0.000000000000000000e+00
-1.282896530314915795e+00,1.388835305370492712e-01,0.000000000000000000e+00
-4.631325719797064339e-02,1.448351090489595094e+00,0.000000000000000000e+00
1.057088548421248664e+00,-1.846052111623452063e+00,1.000000000000000000e+00
-1.361126046743156071e+00,5.218523500425437112e-01,0.000000000000000000e+00
-4.806033560924122261e-01,-1.663984582033404269e+00,1.000000000000000000e+00
-7.063494078778140839e-01,3.151271004273342169e-01,0.000000000000000000e+00
-2.154688023652897300e-01,1.304992947185725560e+00,0.000000000000000000e+00
-6.059660398547492832e-01,1.628920865754288072e-01,0.000000000000000000e+00
-1.382889906824143811e+00,1.009878762871968760e+00,0.000000000000000000e+00
-1.344489117890642849e+00,-1.687598395130552431e+00,0.000000000000000000e+00
-8.707126060514249755e-01,-3.798233791556356320e-01,0.000000000000000000e+00
-1.217876137266197478e+00,-1.013112516351698522e+00,0.000000000000000000e+00
-1.077626378614960023e+00,-1.678548229074080800e-01,0.000000000000000000e+00
-8.678203342427138756e-01,8.151466552066883864e-01,0.000000000000000000e+00
-1.368093921689242931e+00,-4.311814041536590758e-01,0.000000000000000000e+00
1.337138241130886085e+00,-1.411521760675584547e+00,1.000000000000000000e+00
9.117472224813716331e-02,-5.376694321544250865e-01,1.000000000000000000e+00
4.062525081448967734e-01,-1.636375480999922694e+00,1.000000000000000000e+00
1.125537549946022731e+00,6.934645339133095332e-01,1.000000000000000000e+00
-6.831291909285268638e-01,1.553760571758552311e+00,0.000000000000000000e+00
-1.129422105358807382e+00,-4.212097131946747619e-01,0.000000000000000000e+00
-2.756459689199453611e-01,1.568920221188805586e+00,0.000000000000000000e+00
1.562202386205372884e+00,1.560333124912166358e+00,1.000000000000000000e+00
-6.679076089822343354e-01,7.005405473677479566e-01,0.000000000000000000e+00
4.983547228937987295e-01,-1.088255225862106768e+00,1.000000000000000000e+00
-4.921376510105155422e-01,4.132992875251857989e-01,0.000000000000000000e+00
1.586219951772283698e+00,8.423602493453028472e-01,1.000000000000000000e+00
-1.159641085424994333e+00,1.163135708970549187e+00,0.000000000000000000e+00
1.202500999399587434e+00,2.840764129067280264e-02,1.000000000000000000e+00
-5.479271354320001952e-02,1.340118426028117593e+00,0.000000000000000000e+00
7.374448230330730158e-01,-2.099969989263436865e-01,1.000000000000000000e+00
-5.166247686689012797e-01,2.791132203641235598e-01,0.000000000000000000e+00
9.784854624035783655e-01,-1.716942174963632217e+00,1.000000000000000000e+00
1.245588937432341670e+00,-1.181385335996012032e+00,1.000000000000000000e+00
-1.333231391952448552e+00,-8.504807699062252313e-01,0.000000000000000000e+00
3.891289273088475165e-01,-4.536993491972610704e-01,1.000000000000000000e+00
1.113574831491525696e+00,-6.579501077949378995e-02,1.000000000000000000e+00
6.471370140408977401e-01,-6.129577061386535242e-01,1.000000000000000000e+00
-1.069565392715259966e+00,-6.916646836173319102e-01,0.000000000000000000e+00
1.032400054755866492e+00,-3.130044527612792504e-01,1.000000000000000000e+00
1.392603308535782958e+00,-1.312571869486587550e+00,1.000000000000000000e+00
-1.069671875462652855e+00,1.191541354189353807e+00,0.000000000000000000e+00
8.063000605040664404e-01,5.262241073495343979e-01,1.000000000000000000e+00
-9.417077894105564395e-01,1.406809625813516318e+00,0.000000000000000000e+00
7.907475604666023283e-01,-2.524534805499006884e-01,1.000000000000000000e+00
1.242355170661168184e+00,-1.528604877230872905e+00,1.000000000000000000e+00
-9.740183353094624685e-01,1.107308919562182359e+00,0.000000000000000000e+00
4.599688698036037970e-01,-8.105623035319685643e-01,1.000000000000000000e+00
-1.318246234215983748e+00,-1.421812742351174164e+00,0.000000000000000000e+00
1.046796605932746038e+00,1.093593751388230340e+00,1.000000000000000000e+00
1.067990449382425933e+00,-1.776296180929664681e+00,1.000000000000000000e+00
-1.346374450769003417e+00,-2.590909501115672420e-01,0.000000000000000000e+00
1.255421292199411232e+00,7.926604611293510683e-01,1.000000000000000000e+00
1.167104218796523263e+00,-4.411506835016746897e-01,1.000000000000000000e+00
1.516498475755632125e+00,-2.004079376009395008e-01,1.000000000000000000e+00
-7.948921742250726341e-01,-2.897207139203037962e-01,0.000000000000000000e+00
-1.121345259031198083e+00,-1.205631979314405022e+00,0.000000000000000000e+00
-1.637777078615764714e-01,1.087386239717443415e+00,0.000000000000000000e+00
-1.333594136001218455e+00,6.978777660871823829e-02,0.000000000000000000e+00
7.274397862332703246e-01,-1.254552372665791893e+00,1.000000000000000000e+00
-1.040559884543287072e+00,5.792383128133350434e-01,0.000000000000000000e+00
8.404505862572336783e-01,1.295219055480044013e+00,1.000000000000000000e+00
-1.138346136241193518e+00,7.532679425959810937e-02,0.000000000000000000e+00
-1.394333567891903325e-01,-1.775551870144645328e+00,1.000000000000000000e+00
1.430831915454040981e+00,8.744886733515369048e-01,1.000000000000000000e+00
-1.111852833943734131e+00,-1.056961300661722669e+00,0.000000000000000000e+00
2.257292083161902274e-01,-1.463065393886183951e+00,1.000000000000000000e+00
7.146447234328349163e-01,4.043509874797529546e-01,1.000000000000000000e+00
1.310545933753908487e+00,-6.518622756621231806e-01,1.000000000000000000e+00
6.760422639578086423e-01,-1.875845690793712439e+00,1.000000000000000000e+00
1.186309788291042056e+00,1.206045636243550545e+00,1.000000000000000000e+00
9.238809386114329447e-01,-1.069595209869027119e+00,1.000000000000000000e+00
-9.541264553564088313e-01,6.916996613903820812e-01,0.000000000000000000e+00
-1.092052897637788345e+00,7.398124994770428620e-01,0.000000000000000000e+00
8.598976721454958394e-01,1.208919600068431688e+00,1.000000000000000000e+00
1.420041307390638718e-01,-1.850848274197643084e+00,1.000000000000000000e+00
1.182891815927169743e+00,-1.271373401526129321e+00,1.000000000000000000e+00
8.308008497401900838e-01,8.016796564439960804e-01,1.000000000000000000e+00
-6.796998861918368551e-01,7.886068966289996318e-01,0.000000000000000000e+00
-1.152872530738740631e+00,-9.345445733670797450e-01,0.000000000000000000e+00
-7.690042137640850095e-01,-3.034199503405858311e-01,0.000000000000000000e+00
1.273472478315029521e+00,-3.231596229779917784e-02,1.000000000000000000e+00
2.690882780167694333e-01,-1.598186067767922713e+00,1.000000000000000000e+00
-1.124958134746057770e+00,1.363749159818407330e-01,0.000000000000000000e+00
8.023613699199330096e-01,-1.745302780988831071e+00,1.000000000000000000e+00
6.112823420577458977e-01,-1.241489948449885583e+00,1.000000000000000000e+00
-5.701718356824806433e-01,-1.894072005192716679e+00,1.000000000000000000e+00
6.637467280750770637e-01,-7.452697218221799869e-01,1.000000000000000000e+00
1.406807588569820799e+00,-1.498212820919507582e+00,1.000000000000000000e+00
5.638712616353974694e-01,-6.689393667846118552e-01,1.000000000000000000e+00
1.681565621074476713e+00,-1.863525229374069503e-01,1.000000000000000000e+00
-6.447431388703113164e-01,2.546429626175011340e-01,0.000000000000000000e+00
6.816036684363836473e-01,-6.575614151213966529e-01,1.000000000000000000e+00
-9.015663832692811797e-01,1.282276118250901265e+00,0.000000000000000000e+00
1.055480956943823267e+00,-1.816451431895206747e+00,1.000000000000000000e+00
7.128838614362283943e-01,9.469574842326851094e-01,1.000000000000000000e+00
-9.850760307313451980e-01,7.215729692579757604e-01,0.000000000000000000e+00
1.066793720635436760e+00,-2.418332995581687350e-01,1.000000000000000000e+00
-1.380003239148820837e+00,-2.742558002186965993e+00,1.000000000000000000e+00
-1.149242842605900483e+00,1.475456985174578239e+00,0.000000000000000000e+00
1.656629139933155193e+00,1.416720439669705844e-01,1.000000000000000000e+00
-1.316329598354582187e+00,7.773471372429519022e-01,0.000000000000000000e+00
-9.775384520150613987e-01,-7.789678400150973347e-01,0.000000000000000000e+00
6.277475192357316880e-01,-1.159246040070518902e+00,1.000000000000000000e+00
-1.041414134131455338e+00,1.320401712481742207e+00,0.000000000000000000e+00
1.203386694406956003e+00,9.198014395558041789e-01,1.000000000000000000e+00
1.042807192802223337e+00,-1.304528760249999350e-02,1.000000000000000000e+00
-5.429527322249605437e-01,5.963613577175000957e-01,0.000000000000000000e+00
1.474618686928984568e+00,-1.829352588413502678e+00,1.000000000000000000e+00
-7.781749913863038604e-01,1.225903904798344435e-01,0.000000000000000000e+00
1.076117520210166933e+00,-1.970745014599614986e-01,1.000000000000000000e+00
3.993948576820439134e-01,-3.739004397993129225e-01,1.000000000000000000e+00
1.378199497421175757e+00,5.048784759864655136e-01,1.000000000000000000e+00
1.511531881792615772e+00,6.099608819213975242e-01,1.000000000000000000e+00
-1.182429636193188749e+00,6.262115420350630179e-01,0.000000000000000000e+00
-1.306072424218452710e+00,-2.901966280501512910e-02,0.000000000000000000e+00
-9.983041829165296699e-01,1.243856527922970079e+00,0.000000000000000000e+00
5.154876666552209441e-01,-7.295470520810102277e-01,1.000000000000000000e+00
-1.264254997178807738e+00,-6.094637999137458850e-01,0.000000000000000000e+00
-9.111946927419823927e-01,4.106648199000105803e-01,0.000000000000000000e+00
3.908716585403711474e-01,2.674508691280464423e-01,1.000000000000000000e+00
1.283312322571620756e+00,1.257600050293113725e+00,1.000000000000000000e+00
-8.721703670703178091e-01,7.061020415145301543e-01,0.000000000000000000e+00
2.580919390304660110e-01,-1.308265643275714485e-01,1.000000000000000000e+00
1.201002750291332077e+00,3.095851362341204283e-01,1.000000000000000000e+00
-1.068440052268153195e+00,7.457526797463598367e-02,0.000000000000000000e+00
-9.892910707675069970e-01,-2.059562363572504939e-02,0.000000000000000000e+00
3.292846297006484790e-01,-1.664507939664342795e-01,1.000000000000000000e+00
6.444495419270508396e-01,2.901510317151314022e-01,1.000000000000000000e+00
-8.140042199688415359e-01,9.701056683670287173e-01,0.000000000000000000e+00
2.549083229352451241e-01,-1.340884213879871112e+00,1.000000000000000000e+00
-4.573264194330416976e-01,1.442710849568894060e+00,0.000000000000000000e+00
1.662898552811972408e+00,-1.071474877321991537e+00,1.000000000000000000e+00
-1.324331893984105557e+00,6.718944509146048683e-01,0.000000000000000000e+00
-8.016215782437769999e-01,9.422660178284711918e-01,0.000000000000000000e+00
6.175111793298599938e-01,4.867487610424586775e-01,1.000000000000000000e+00
-8.085343090937601174e-01,-4.706095609998125484e-01,0.000000000000000000e+00
1.524117999184711136e+00,-5.723362949913408659e-01,1.000000000000000000e+00
-1.041858388850085193e+00,5.765529199612292599e-01,0.000000000000000000e+00
1.113708131536879087e+00,-8.141592828776170743e-01,1.000000000000000000e+00
-1.184681358886159774e+00,-4.140187878106355718e-02,0.000000000000000000e+00
-4.241857731080547755e-01,1.211360209487786443e+00,0.000000000000000000e+00
-3.326003236963325227e-01,1.054197589590319728e+00,0.000000000000000000e+00
-1.162096007332588776e+00,7.233193117947719353e-01,0.000000000000000000e+00
-1.268607283520830409e+00,-6.780191183126812460e-01,0.000000000000000000e+00
9.916509051238145966e-01,-8.856144442468083522e-01,1.000000000000000000e+00
4.906506707407294887e-01,-1.397043301375937796e+00,1.000000000000000000e+00
9.111168502684561243e-01,1.044907804770056847e+00,1.000000000000000000e+00
1.269328782598905248e+00,-9.764399657387700104e-01,1.000000000000000000e+00
-9.709976604502877917e-01,-2.632981973418744848e-01,0.000000000000000000e+00
-4.316041967056190587e-01,6.067051971658233844e-01,0.000000000000000000e+00
-1.151929647122631462e+00,7.982063358783275664e-01,0.000000000000000000e+00
-1.019087928212941030e+00,5.238127614092714240e-02,0.000000000000000000e+00
2.039265688685513722e-01,-2.763164417620888047e-01,1.000000000000000000e+00
6.441015783674908235e-01,5.436784839940893566e-01,1.000000000000000000e+00
7.535463898851847420e-01,6.072138904548037841e-01,1.000000000000000000e+00
-9.634249130755121460e-01,-4.778341377191490380e-02,0.000000000000000000e+00
-1.000758672830673435e+00,1.405705211260958265e+00,0.000000000000000000e+00
-1.241696729049433179e+00,1.239136046869254493e+00,0.000000000000000000e+00
1.078273175344786949e+00,-2.878931843824719672e-01,1.000000000000000000e+00
-7.185837391978290301e-01,3.417355774664393442e-01,0.000000000000000000e+00
9.705698061914005415e-01,1.446352927345235795e+00,1.000000000000000000e+00
-1.264766758134651559e+00,4.677685873889761425e-01,0.000000000000000000e+00
4.603347682024861998e-01,-1.188166139398288301e+00,1.000000000000000000e+00
-1.380824484915035288e+00,-7.979411724220756286e-01,0.000000000000000000e+00
-8.610619363548308591e-01,1.986740543064153819e-01,0.000000000000000000e+00
-4.278607068429606253e-01,-1.497503860098521988e+00,1.000000000000000000e+00
-1.232473906301153388e+00,1.231199634778948004e+00,0.000000000000000000e+00
1.694291141580282489e-01,-1.024837437373710358e+00,1.000000000000000000e+00
1.540771923735954063e+00,1.923455444401119541e-01,1.000000000000000000e+00
-1.307502216585722410e+00,-5.271724446863887970e-01,0.000000000000000000e+00
-2.139941347951220679e-02,-1.212308609251214309e+00,1.000000000000000000e+00
-9.484449642806400682e-01,4.983481391043631525e-01,0.000000000000000000e+00
1.424010220190291998e+00,-1.603662221265485632e+00,1.000000000000000000e+00
1.435913497201255273e+00,-5.921499830471617098e-01,1.000000000000000000e+00
1.681651953513230824e+00,1.958322307378327076e-01,1.000000000000000000e+00
-1.134774641512817039e+00,-8.934635353991313700e-01,0.000000000000000000e+00
1.210149452834789585e+00,-2.841270842480496297e-03,1.000000000000000000e+00
-2.996547654205518607e-01,7.424576977482444384e-01,0.000000000000000000e+00
4.127456457217806851e-01,-6.366807883975204030e-01,1.000000000000000000e+00
7.934505682797551307e-01,3.598083667576276179e-01,1.000000000000000000e+00
-4.399351899459637005e-01,1.341394514506978997e+00,0.000000000000000000e+00
-8.146086578175467663e-01,5.304590053316435849e-01,0.000000000000000000e+00
1.247343784884567430e+00,-7.377003817819095532e-01,1.000000000000000000e+00
1.193181741354867098e+00,-8.543801451553049153e-01,1.000000000000000000e+00
-7.213984806459855514e-01,-9.831715793109424562e-02,0.000000000000000000e+00
-1.376366239881837039e+00,1.543125654619586395e+00,0.000000000000000000e+00
9.461934604134079052e-01,7.324640047878796523e-01,1.000000000000000000e+00
3.633530243760571543e-01,-1.661148721158214103e+00,1.000000000000000000e+00
-1.379670736162011746e+00,-1.656449586639433535e-01,0.000000000000000000e+00
1.347659364833390772e+00,7.043843892398651274e-01,1.000000000000000000e+00
-1.331490100680243094e+00,5.094312612879104973e-01,0.000000000000000000e+00
1.494530952776327526e+00,1.922774524088769477e-01,1.000000000000000000e+00
-1.532610430970685611e-01,-1.508441151059514818e+00,1.000000000000000000e+00
-1.297275356531168100e+00,1.052067842581061008e+00,0.000000000000000000e+00
1.031592134784277137e+00,3.252310202441671683e-01,1.000000000000000000e+00
-1.170956003086847552e+00,-3.399937682803183536e-02,0.000000000000000000e+00
-1.351229898105992477e+00,1.353561731704580939e+00,0.000000000000000000e+00
-1.193947527011882670e+00,5.350547515041517155e-01,0.000000000000000000e+00
-7.569370294060542292e-01,1.452090708462105084e+00,0.000000000000000000e+00
6.353865857168258247e-01,3.033997488541161358e-01,1.000000000000000000e+00
1.551406400943524000e+00,1.515047184620849641e-01,1.000000000000000000e+00
-1.333113951774330397e-01,1.389295996700887326e+00,0.000000000000000000e+00
9.870496589833158696e-01,-8.045798401377033393e-01,1.000000000000000000e+00
-1.252215471392753132e+00,1.279932544299543951e+00,0.000000000000000000e+00
1.591026253755234654e+00,-2.395200507712696991e-01,1.000000000000000000e+00
6.899731074800924402e-01,-6.270057265547900327e-01,1.000000000000000000e+00
1.596246961778697404e+00,-1.349377713165832882e+00,1.000000000000000000e+00
4.358112089228844410e-01,2.548051315916700088e-01,1.000000000000000000e+00
4.940507465847796542e-01,-5.782545671796651687e-01,1.000000000000000000e+00
-1.288729306296237276e+00,-8.138684656240522397e-01,0.000000000000000000e+00
-1.326113219967566925e+00,1.513737774498211897e+00,0.000000000000000000e+00
-1.239914691339562447e+00,6.358219693959574759e-01,0.000000000000000000e+00
-9.573254721973920578e-01,-7.970478588270786258e-01,0.000000000000000000e+00
2.377485224730561397e-01,-1.112494084645001990e+00,1.000000000000000000e+00
-1.366184146465029281e+00,-9.056228464831149738e-01,0.000000000000000000e+00
9.845240378304166429e-01,-1.815464765343503206e+00,1.000000000000000000e+00
1.618285730715260939e-01,-2.393438532656965989e-01,1.000000000000000000e+00
1.562644058753528187e+00,-1.148952437215126521e+00,1.000000000000000000e+00
-8.261450467230462280e-01,-2.150432935120589195e-01,0.000000000000000000e+00
8.171632068351706302e-01,-1.307950367435244177e+00,1.000000000000000000e+00
-7.610906467737862391e-01,1.184663221541636613e+00,0.000000000000000000e+00
-1.238257443013373482e+00,-1.284294572305331172e+00,0.000000000000000000e+00
-1.299251199929079226e+00,2.958946998834472430e-01,0.000000000000000000e+00
1.470426509448473418e+00,-1.778900305945195326e+00,1.000000000000000000e+00
1.030015068642740061e+00,1.178429515881316281e+00,1.000000000000000000e+00
-1.353987349963663656e+00,1.354958001883752816e+00,0.000000000000000000e+00
-1.090325148071548567e+00,-1.277733831609061121e-01,0.000000000000000000e+00
-1.278035770238701740e+00,-7.263356596731036507e-01,0.000000000000000000e+00
9.132643685694822322e-01,-2.636853704854346669e-01,1.000000000000000000e+00
-5.361695167463514933e-02,1.238125076591412466e+00,0.000000000000000000e+00
9.748377711526281519e-01,3.364203639874711604e-01,1.000000000000000000e+00
-7.403384715104934788e-01,2.179196362045526247e-01,0.000000000000000000e+00
-1.123656426281631537e+00,1.145480652295372215e+00,0.000000000000000000e+00
-2.316956696755455292e-01,1.094436377516432746e+00,0.000000000000000000e+00
-1.230118946658914497e-01,-1.699923630145216302e+00,1.000000000000000000e+00
-1.371070003086829470e+00,5.307620346101354913e-01,0.000000000000000000e+00
-8.040215682625574400e-01,-4.244844426434572077e-02,0.000000000000000000e+00
-1.369655336367954224e+00,-1.405614470277219308e+00,0.000000000000000000e+00
1.171694262609537018e+00,6.329351000014644957e-02,1.000000000000000000e+00
-7.170228896913954930e-01,-3.224560527920087433e-02,0.000000000000000000e+00
1.222032386746508825e+00,-8.209584047053163358e-01,1.000000000000000000e+00
3.978554693738395320e-01,-4.414655113843220513e-01,1.000000000000000000e+00
1.655311067136570946e+00,-9.375448662175281944e-01,1.000000000000000000e+00
2.814509464591196664e-01,-1.827814955448440637e+00,1.000000000000000000e+00
5.255109503727835030e-01,-1.588922626460341325e+00,1.000000000000000000e+00
-4.649738338556946848e-01,1.129335155702721361e+00,0.000000000000000000e+00
-1.292112142708760070e+00,-9.820494960604456702e-01,0.000000000000000000e+00
1.032153760357473526e+00,-1.659921434192410450e+00,1.000000000000000000e+00
-4.118331975330225547e-01,1.157280690457523908e+00,0.000000000000000000e+00
-1.174520452546351512e+00,-7.205032253752153837e-01,0.000000000000000000e+00
8.758800136501608824e-01,-3.708248133226482723e-01,1.000000000000000000e+00
-4.647654872580365137e-01,5.439577363968545187e-01,0.000000000000000000e+00
-6.816359189304310728e-01,6.792431065872284179e-02,0.000000000000000000e+00
1.316793412357864845e+00,1.566291427655732926e+00,1.000000000000000000e+00
5.908296521479965424e-01,-8.871450643178886430e-01,1.000000000000000000e+00
1.152371825845035280e+00,-2.258146615858290795e-01,1.000000000000000000e+00
-1.322647582943268008e+00,1.418278079043429951e+00,0.000000000000000000e+00
-7.525130926730018155e-01,1.362499096682285638e+00,0.000000000000000000e+00
2.775198173536825852e-01,-1.859007594106604433e+00,1.000000000000000000e+00
-4.249465135753442979e-01,1.151437770840430197e+00,0.000000000000000000e+00
-1.125511754390137176e+00,-1.034658374693952165e+00,0.000000000000000000e+00
-1.051473038631029144e+00,1.687231838614004775e-02,0.000000000000000000e+00
-6.742451985494576361e-01,-1.865088272445354634e-01,0.000000000000000000e+00
1.624310474300796781e+00,-7.902804611978374305e-02,1.000000000000000000e+00
-2.144518311801715538e-01,8.598756205323835333e-01,0.000000000000000000e+00
4.862114507195501589e-02,-1.072107965433050536e+00,1.000000000000000000e+00
-9.843739817670581482e-01,1.147494000700303829e+00,0.000000000000000000e+00
-1.124410080682225033e+00,9.855989823408148887e-01,0.000000000000000000e+00
-9.980644658027882921e-01,1.340204126540032181e+00,0.000000000000000000e+00
1.811588960660367453e-01,-1.632668310488374797e+00,1.000000000000000000e+00
-9.670380294992501069e-01,2.035683017515774740e-01,0.000000000000000000e+00
6.083791884934584004e-01,4.156381861093110253e-01,1.000000000000000000e+00
1.086295668294282590e+00,7.411148722909662867e-01,1.000000000000000000e+00
-1.068395287714218211e+00,-2.599629214100907526e-01,0.000000000000000000e+00
1.296054469623442840e+00,5.694791852667827753e-02,1.000000000000000000e+00
-6.611452702223086231e-02,1.178406996675444907e+00,0.000000000000000000e+00
-1.386531793603162699e+00,4.053868839179528005e-01,0.000000000000000000e+00
-1.184583476137393232e+00,-1.369050916806961560e+00,0.000000000000000000e+00
-5.302895401268739040e-01,8.794330356751692834e-01,0.000000000000000000e+00
1.429492711593047138e+00,-1.132560652451149175e-01,1.000000000000000000e+00
5.670130386185174842e-01,-8.106150514938290641e-01,1.000000000000000000e+00
1.001209833904779467e+00,-2.170033025462883847e-01,1.000000000000000000e+00
1.104046291600642382e+00,2.108611286441929022e-01,1.000000000000000000e+00
1.063032568430046343e+00,-8.280063511985437108e-01,1.000000000000000000e+00
7.967716967844040710e-01,7.513933413958061580e-01,1.000000000000000000e+00
-2.294991067464755286e-01,8.858034651126465153e-01,0.000000000000000000e+00
-1.074136315568600564e+00,-4.681294027548723036e-01,0.000000000000000000e+00
1.274015861767050728e+00,-1.024808442634859151e+00,1.000000000000000000e+00
-3.877922421708672185e-01,7.306463060375640861e-01,0.000000000000000000e+00
-1.037973777266053776e+00,-1.419943022537900890e-01,0.000000000000000000e+00
4.531548568363146234e-01,-6.431170805220336462e-01,1.000000000000000000e+00
7.775890262495914751e-01,-1.209798326271351310e-01,1.000000000000000000e+00
1.723824853309458560e-01,-1.375453518012849319e+00,1.000000000000000000e+00
1.133385913072801898e+00,1.484822830478404576e+00,1.000000000000000000e+00
8.492336400365761984e-01,-2.243763835637239967e-01,1.000000000000000000e+00
1.829401354162837889e-01,-1.258914767746571073e+00,1.000000000000000000e+00
-1.138353057239581689e+00,1.529928404728847502e+00,0.000000000000000000e+00
6.406162773959079848e-01,-1.605788224977221068e+00,1.000000000000000000e+00
-1.136125344256821990e+00,-4.303058484530530858e-02,0.000000000000000000e+00
1.523608010321554795e+00,1.185774161104095503e+00,1.000000000000000000e+00
-1.061328490667169833e+00,1.371140775499447795e+00,0.000000000000000000e+00
1.292480530660739646e+00,-1.846410758660344431e+00,1.000000000000000000e+00
-7.295364867953122445e-01,-1.744528427152579331e-01,0.000000000000000000e+00
-1.192416715965870955e+00,-2.398116359726176483e-01,0.000000000000000000e+00
1.540656383033211174e+00,8.948533552106605615e-01,1.000000000000000000e+00
-9.645253956013086216e-02,-7.685190066752456417e-01,1.000000000000000000e+00
1.823562197221713643e-01,-1.483207401298006323e+00,1.000000000000000000e+00
-1.022475287620958184e+00,-3.386704492568957253e-02,0.000000000000000000e+00
-1.187813404770982073e+00,-4.353112629558708035e-01,0.000000000000000000e+00
-1.027604329269074857e+00,-5.840510399940943564e-01,0.000000000000000000e+00
-2.089937008771998173e-01,-1.306222282366384935e+00,1.000000000000000000e+00
1.451679926252998687e+00,-1.707889125114671280e+00,1.000000000000000000e+00
-9.979975447471347572e-01,1.560087018624570110e+00,0.000000000000000000e+00
-1.025518065065134543e+00,1.547971954923983873e+00,0.000000000000000000e+00
-1.074532547678555217e+00,-5.727572666624300979e-01,0.000000000000000000e+00
-1.055330429703297934e+00,-8.903910382451301064e-01,0.000000000000000000e+00
-4.050322519519292119e-01,8.988299332602144309e-01,0.000000000000000000e+00
-7.697383529737673591e-01,6.418027765892840852e-01,0.000000000000000000e+00
1.242130536881561609e+00,-7.812906352071818938e-02,1.000000000000000000e+00
-1.297990351294880718e+00,-7.782047350291904086e-01,0.000000000000000000e+00
1.190256162216442704e+00,-1.703978568212325184e+00,1.000000000000000000e+00
9.639478895878934583e-01,-8.035817342332032265e-01,1.000000000000000000e+00
-1.102236788676767221e+00,-1.213815570726071158e+00,0.000000000000000000e+00
-6.807691853008168703e-01,1.026511132555966155e+00,0.000000000000000000e+00
-1.067948832835268869e+00,7.961999541699957827e-01,0.000000000000000000e+00
-1.309748112971068634e+00,-1.355542287007648339e+00,0.000000000000000000e+00
1.101730187676226214e+00,1.447964555530060204e+00,1.000000000000000000e+00
-1.111098826038385612e+00,8.041576739350950742e-01,0.000000000000000000e+00
4.585365932253620547e-01,-8.816809605753546109e-01,1.000000000000000000e+00
7.830180105704833693e-01,-1.062221897844384255e+00,1.000000000000000000e+00
-1.109867789167095609e+00,1.668942462833788304e-02,0.000000000000000000e+00
1.684604504345068809e+00,-6.371716878482601709e-01,1.000000000000000000e+00
-1.182813869032368848e+00,1.465526519652151638e-01,0.000000000000000000e+00
-3.084060511806762106e-01,5.428694610130696541e-01,0.000000000000000000e+00
-1.036816505022114088e+00,1.073026161967813641e+00,0.000000000000000000e+00
-9.683701589162625467e-01,4.229503613891864577e-01,0.000000000000000000e+00
7.712149579569866908e-01,-9.035433769132192872e-01,1.000000000000000000e+00
1.336805198231040936e+00,1.013146192652465194e+00,1.000000000000000000e+00
4.642484728456230947e-01,-7.622153155133363223e-01,1.000000000000000000e+00
1.493741301631499097e+00,-6.387059998670923111e-01,1.000000000000000000e+00
-9.433377761215246959e-01,6.128529956020001279e-01,0.000000000000000000e+00
8.841931643459028933e-01,1.266509989400136371e+00,1.000000000000000000e+00
-9.126364872216119473e-01,4.538067530283916851e-01,0.000000000000000000e+00
-1.424262396651678197e-01,-1.844151706548462277e+00,1.000000000000000000e+00
6.097700545335648092e-01,2.763906816171118330e-01,1.000000000000000000e+00
1.111655171336688896e+00,1.440595625088882947e+00,1.000000000000000000e+00
3.096298017836214833e-01,-1.827594771706860133e+00,1.000000000000000000e+00
-1.061338371288604310e-01,-1.877040504208930649e+00,1.000000000000000000e+00
-1.067129834244967768e+00,-3.803346114652675358e-01,0.000000000000000000e+00
-1.216617975195628976e+00,-7.987115683498084984e-01,0.000000000000000000e+00
1.346380311109976580e+00,4.676188050145728692e-01,1.000000000000000000e+00
5.212827641952633151e-01,1.753016526677591280e-01,1.000000000000000000e+00
-6.298867531325353930e-01,6.927991394583443707e-01,0.000000000000000000e+00
-1.269300006563295335e+00,-8.298757497197287725e-01,0.000000000000000000e+00
1.031659719645794171e+00,3.621185743057805384e-01,1.000000000000000000e+00
1.652748754886260940e+00,-1.187218741284622903e+00,1.000000000000000000e+00
1.240052752813322501e+00,-6.669143535370802844e-02,1.000000000000000000e+00
-9.153764698625468377e-01,-2.528136244642135155e-01,0.000000000000000000e+00
1.454273649494112863e+00,-1.672661788539024030e+00,1.000000000000000000e+00
4.863119773557062486e-01,-8.293043686861155672e-01,1.000000000000000000e+00
6.417177800137482402e-01,-1.082053214435467314e+00,1.000000000000000000e+00
-9.485994333086101848e-01,3.061234564370661215e-01,0.000000000000000000e+00
-1.082342382898576316e+00,8.088770456552054622e-01,0.000000000000000000e+00
-1.342172902062154449e+00,-9.928606553590406392e-02,0.000000000000000000e+00
-1.105800582996080195e+00,1.069190774717206027e+00,0.000000000000000000e+00
-1.059225899599668175e+00,5.372356457758270531e-01,0.000000000000000000e+00
3.893314120371599296e-01,3.223583759923147052e-01,1.000000000000000000e+00
-2.907951164746761519e-01,9.002045023837386140e-01,0.000000000000000000e+00
-6.526958628977957977e-01,1.096692212519514431e+00,0.000000000000000000e+00
-8.523165251956866806e-01,-5.489003706330317645e-01,0.000000000000000000e+00
1.522434138878683729e+00,-2.204340850542287067e-01,1.000000000000000000e+00
2.996978114290564377e-01,-1.123951136128708894e+00,1.000000000000000000e+00
-1.279662444619114936e+00,1.874484032328603833e-01,0.000000000000000000e+00
-1.021999123817016297e+00,6.593587847449264849e-01,0.000000000000000000e+00
9.690596933980619720e-01,1.271714279817115489e+00,1.000000000000000000e+00
1.351514655491078409e+00,-1.634330962799008580e+00,1.000000000000000000e+00
9.378572498065529395e-01,-6.740248233202059680e-01,1.000000000000000000e+00
-4.954442837654913778e-01,5.854277608667053379e-01,0.000000000000000000e+00
1.050266756718746475e+00,5.321755987881073846e-01,1.000000000000000000e+00
5.489725671023949483e-01,-7.511863988248185242e-01,1.000000000000000000e+00
8.883521842704297233e-01,-1.426981878069254021e-02,1.000000000000000000e+00
1.518107160699908587e+00,1.003383688511631400e+00,1.000000000000000000e+00
1.325331049191443622e+00,6.891964242800922846e-02,1.000000000000000000e+00
-9.737722807050613882e-01,-1.408520093821296892e-01,0.000000000000000000e+00
5.985319321901958478e-01,2.528144480528468074e-01,1.000000000000000000e+00
-1.385601231956599122e+00,1.218361619181575151e+00,0.000000000000000000e+00
-1.015566855667788149e+00,9.278193348505824334e-01,0.000000000000000000e+00
-1.375803899858778490e+00,-1.531719597091717011e+00,0.000000000000000000e+00
5.524364315461105512e-01,6.614125582001086079e-02,1.000000000000000000e+00
1.080475694163252065e+00,1.132431760118335795e+00,1.000000000000000000e+00
1.076119427806373929e+00,3.197807756923839451e-01,1.000000000000000000e+00
1.691662459103695504e+00,-1.854077017871025967e+00,1.000000000000000000e+00
9.837213331350793677e-01,-1.601976826555234101e+00,1.000000000000000000e+00
9.799612376033213224e-01,3.276928003529733791e-01,1.000000000000000000e+00
-5.413469367680948663e-01,8.000505507411439510e-01,0.000000000000000000e+00
1.405421470068399792e+00,1.474626420184779407e+00,1.000000000000000000e+00
1.658094642061660240e+00,1.042228576053850109e+00,1.000000000000000000e+00
1.611250634380327895e+00,-1.213170436512224670e+00,1.000000000000000000e+00
-7.908712504219563844e-01,1.455933848456729240e+00,0.000000000000000000e+00
1.342236839113359226e+00,1.566587713350348521e+00,1.000000000000000000e+00
-1.296113086055876717e+00,-9.964084925954920235e-01,0.000000000000000000e+00
-1.072688571884113928e+00,1.384349403012315571e+00,0.000000000000000000e+00
1.586197395025691792e+00,-5.056624448331416000e-01,1.000000000000000000e+00
-1.588726173683895071e-01,-1.458946520161907401e+00,1.000000000000000000e+00
9.602459519322616988e-01,-1.378464229906397387e+00,1.000000000000000000e+00
-1.198791340999004335e-01,1.415957982762004352e+00,0.000000000000000000e+00
-1.032609782127299036e+00,1.560926403107766536e+00,0.000000000000000000e+00
-4.218511303212438834e-01,7.470531451201024575e-01,0.000000000000000000e+00
1.196974457894792510e+00,-8.598160279421395158e-01,1.000000000000000000e+00
9.023075588894278187e-01,1.674098721822447899e-01,1.000000000000000000e+00
-1.144569059019637791e+00,1.105689756385764833e-01,0.000000000000000000e+00
2.122513139161606999e-01,-2.842858292180089341e-01,1.000000000000000000e+00
1.107335768087135186e+00,-1.347621983508040244e-01,1.000000000000000000e+00
-5.096561000013002385e-01,6.402250132840462404e-01,0.000000000000000000e+00
-1.163935708451024009e+00,-7.553567245344408043e-01,0.000000000000000000e+00
9.281990093778837991e-01,-1.548126177808094805e+00,1.000000000000000000e+00
1.698377658396839296e+00,7.534952707258121274e-01,1.000000000000000000e+00
4.598313101146127013e-01,-2.483854858387614939e-01,1.000000000000000000e+00
9.050921475980006070e-01,1.846300643904249250e-01,1.000000000000000000e+00
-7.373984032125622257e-01,8.501500483286276999e-02,0.000000000000000000e+00
-3.654096477270794563e-01,1.363756238481688809e+00,0.000000000000000000e+00
-9.717479362057067638e-01,1.387249238136612606e+00,0.000000000000000000e+00
-1.192283311290241343e+00,-1.213488665179812909e+00,0.000000000000000000e+00
8.071169525050799765e-01,-1.501752504864525051e+00,1.000000000000000000e+00
-9.097450170577355000e-02,1.329525495412291702e+00,0.000000000000000000e+00
-8.087284959344641644e-01,3.646137266691027445e-01,0.000000000000000000e+00
-9.021110469343055493e-01,1.113042985836674159e+00,0.000000000000000000e+00
-1.335316300356954367e+00,4.263370666767667960e-01,0.000000000000000000e+00
1.530750345599057871e+00,1.143922381513708730e+00,1.000000000000000000e+00
-1.372981178994970630e+00,-6.957264349195612096e-01,0.000000000000000000e+00
-1.183049715346499386e+00,1.053927181855893735e+00,0.000000000000000000e+00
-5.970637203086133216e-01,5.311437535902722162e-01,0.000000000000000000e+00
-9.299932329218207894e-01,1.378260980833742710e+00,0.000000000000000000e+00
-4.897946728046841947e-01,1.206570890707556964e+00,0.000000000000000000e+00
-8.573575127110797389e-01,-2.851492354310780075e-01,0.000000000000000000e+00
1.266617843507487073e+00,-1.855947919705372318e+00,1.000000000000000000e+00
7.552785998617809193e-01,2.921513490317872441e-01,1.000000000000000000e+00
1.618303447116594684e+00,-5.588458643815389371e-01,1.000000000000000000e+00
2.811438341019120712e-01,-1.811149913435667447e+00,1.000000000000000000e+00
1.546753010390412131e+00,-6.815680226273526099e-01,1.000000000000000000e+00
-9.379812570908886427e-01,7.113035896993588070e-01,0.000000000000000000e+00
2.916486873000999624e-01,-2.525488957540912849e-01,1.000000000000000000e+00
-9.772708498842317404e-01,-6.775029623944763824e-01,0.000000000000000000e+00
1.167095735175393445e+00,-1.256590753197686094e+00,1.000000000000000000e+00
-2.504023493411368095e-01,-1.321922893221484818e+00,1.000000000000000000e+00
-1.042615754773924763e+00,1.193339636597460007e+00,0.000000000000000000e+00
1.167771461963640345e+00,-8.245163070061504174e-01,1.000000000000000000e+00
-1.076696299851725325e+00,1.114000570274691126e+00,0.000000000000000000e+00
-1.333152950351321975e+00,-1.556843212194727766e+00,0.000000000000000000e+00
5.561502096064817602e-01,-1.686251154208671332e+00,1.000000000000000000e+00
3.343367329610060779e-01,-2.889003413964081474e-02,1.000000000000000000e+00
1.423990702062342795e+00,1.268488993464180759e+00,1.000000000000000000e+00
-7.610625189120395762e-01,-2.954598254773903032e-01,0.000000000000000000e+00
-5.026886738828225676e-01,6.301727618377643836e-01,0.000000000000000000e+00
-1.159301486225396083e+00,5.737385486785230304e-01,0.000000000000000000e+00
-1.220408148894861489e+00,-3.460375497810316281e-01,0.000000000000000000e+00
4.794778544194042147e-02,-8.046390251752009171e-01,1.000000000000000000e+00
5.101175402233218970e-01,-1.860359594964905217e+00,1.000000000000000000e+00
8.569681169144063304e-01,-1.154150895057021398e+00,1.000000000000000000e+00
4.233118175112826620e-01,-5.761614387065512322e-01,1.000000000000000000e+00
1.297033494665484010e+00,4.577892271354419562e-01,1.000000000000000000e+00
7.395309220453862853e-01,-1.770473155767778861e+00,1.000000000000000000e+00
-1.340422763075240775e+00,-8.637783829190468499e-01,0.000000000000000000e+00
1.655897936645578661e-01,-5.341477027720550330e-01,1.000000000000000000e+00
-5.279283739151134913e-01,1.284874878846486435e-01,0.000000000000000000e+00
-9.557476346600943251e-02,1.352353695830454283e+00,0.000000000000000000e+00
2.521580178722476195e-01,-1.482313983267965929e+00,1.000000000000000000e+00
3.311369389679582609e-01,-1.549349187452391696e+00,1.000000000000000000e+00
-1.306943577878097340e+00,-7.104212076181988245e-01,0.000000000000000000e+00
6.254890960261386690e-01,-2.009092101389102492e-01,1.000000000000000000e+00
-1.213619691128250411e+00,6.205431884054347647e-01,0.000000000000000000e+00
-6.731564472428076540e-01,6.523341426013304911e-01,0.000000000000000000e+00
-9.348306095595232401e-01,5.392575757104867140e-01,0.000000000000000000e+00
-4.629232029875241516e-01,1.004706427233339250e+00,0.000000000000000000e+00
-9.572624730173239227e-01,1.437016743452277812e+00,0.000000000000000000e+00
5.017298482022470862e-01,4.673644728440501384e-01,1.000000000000000000e+00
-1.263050503809740599e+00,-8.520040151301329079e-01,0.000000000000000000e+00
8.106306471235787958e-01,6.251150913217594640e-01,1.000000000000000000e+00
1.028630819393146822e+00,-1.323599859576527926e+00,1.000000000000000000e+00
5.473218854493158148e-01,-1.490749499671064848e+00,1.000000000000000000e+00
1.063993315467149703e+00,-1.489818184307949656e+00,1.000000000000000000e+00
1.222932170900609794e+00,-3.690956194311664773e-01,1.000000000000000000e+00
-1.014333391533453810e+00,1.460128860879544854e+00,0.000000000000000000e+00
7.599031920275195473e-01,8.585267823980448076e-01,1.000000000000000000e+00
-1.081682582911694057e+00,-4.645930829133895212e-01,0.000000000000000000e+00
5.937024828601142890e-01,7.709720687555846608e-01,1.000000000000000000e+00
-5.974236871315318220e-01,5.505419698739781875e-01,0.000000000000000000e+00
7.986504947982606684e-01,3.619300025747937966e-01,1.000000000000000000e+00
1.601764119040712808e+00,-1.556067098864831966e+00,1.000000000000000000e+00
3.566162780102775653e-01,-1.356832868198750264e+00,1.000000000000000000e+00
-8.662572042256776461e-01,1.567811974097055971e+00,0.000000000000000000e+00
-6.409509779158272247e-01,1.425494926687901565e+00,0.000000000000000000e+00
-1.083356354274712885e+00,-7.480910713629104203e-01,0.000000000000000000e+00
1.050634890402766031e+00,6.949045947054757200e-01,1.000000000000000000e+00
-1.234308761617284089e+00,1.567421697616119269e-01,0.000000000000000000e+00
8.560101995978635081e-01,-7.322612855210698379e-01,1.000000000000000000e+00
-9.166501008988514609e-01,1.083515663645777449e+00,0.000000000000000000e+00
-3.373129307345196226e-01,7.202893278088240425e-01,0.000000000000000000e+00
1.489979683419306200e+00,-1.138940761830640053e-01,1.000000000000000000e+00
1.081216371928886311e+00,9.338563824237102740e-01,1.000000000000000000e+00
7.536631459408019706e-01,-1.516835044568301649e+00,1.000000000000000000e+00
9.937727065872787868e-01,-9.931701404755362006e-01,1.000000000000000000e+00
-1.362671376633405540e+00,-1.014294115309323452e+00,0.000000000000000000e+00
-1.358995654344627102e+00,1.425044272158250802e+00,0.000000000000000000e+00
1.294567007267672931e+00,-9.972855334874554112e-01,1.000000000000000000e+00
-6.450600000045766391e-01,1.140836441053880934e+00,0.000000000000000000e+00
-1.225787420280050499e+00,1.591751443010059608e-01,0.000000000000000000e+00
-1.319599650458873341e-01,1.409031497732893268e+00,0.000000000000000000e+00
1.037555832146878299e+00,-6.670642237596932089e-01,1.000000000000000000e+00
-5.378095989963226353e-01,1.227633441429728522e+00,0.000000000000000000e+00
-1.348577780394697445e+00,-1.452286972451886760e+00,0.000000000000000000e+00
-7.760148125100202465e-01,1.395957563625146669e+00,0.000000000000000000e+00
-1.370688064325774169e+00,-1.119865701356659748e+00,0.000000000000000000e+00
-8.852083395706873414e-01,6.368175882864904880e-01,0.000000000000000000e+00
-1.163096576805894511e+00,9.822998450913129898e-02,0.000000000000000000e+00
1.588565246246483209e+00,-7.332518848217215446e-01,1.000000000000000000e+00
-1.055956839741785946e-01,-1.773227150132436147e+00,1.000000000000000000e+00
1.265105190073953390e+00,-2.270431470238918892e-01,1.000000000000000000e+00
-1.197969717886185198e-01,1.153669493762504050e+00,0.000000000000000000e+00
-1.310151898545603988e+00,1.134334931756883158e+00,0.000000000000000000e+00
-4.322625752402950994e-01,3.251596644081589660e-01,0.000000000000000000e+00
1.074648284919121677e+00,-1.755604399865463794e+00,1.000000000000000000e+00
1.629042609756925275e+00,-9.151042889850270479e-01,1.000000000000000000e+00
-9.760328390380991204e-01,-5.020280598952800988e-01,0.000000000000000000e+00
1.608611305322869667e+00,-5.402631508290831608e-01,1.000000000000000000e+00
-1.326012942591175081e+00,-1.419707372916636068e+00,0.000000000000000000e+00
-1.161978287326248305e+00,8.042637738164297723e-01,0.000000000000000000e+00
1.359603095067549727e+00,-3.775854617046791040e-01,1.000000000000000000e+00
-7.140871705561411265e-01,5.224360161316731199e-01,0.000000000000000000e+00
6.566242762915068532e-02,-7.691866518165789701e-01,1.000000000000000000e+00
1.639946381463874392e+00,6.524086661666024245e-01,1.000000000000000000e+00
2.841607542502334049e-01,-1.077136867754731275e+00,1.000000000000000000e+00
-9.313018780653103956e-01,-3.835479044107505397e-01,0.000000000000000000e+00
8.118932437149848358e-01,-1.362944109978708074e+00,1.000000000000000000e+00
-2.089342299695259031e-01,1.426886205026962173e+00,0.000000000000000000e+00
7.500360367323697375e-01,5.504991103450472822e-01,1.000000000000000000e+00
-1.139826144735440083e+00,-7.526001556642135659e-01,0.000000000000000000e+00
8.691311801302148421e-01,-3.352800338922193868e-01,1.000000000000000000e+00
1.684978114112647862e+00,4.198167823846672420e-01,1.000000000000000000e+00
1.187014526282777371e+00,-1.638798371001751519e+00,1.000000000000000000e+00
-3.345793804591914999e-01,5.529348399461821995e-01,0.000000000000000000e+00
-5.892543606332290018e-01,1.172521600274134768e+00,0.000000000000000000e+00
1.469497897030001665e+00,-8.092643427464222272e-01,1.000000000000000000e+00
3.742577733047133121e-02,-1.579664294316460049e+00,1.000000000000000000e+00
6.594213306077548742e-01,-4.286318903660457647e-01,1.000000000000000000e+00
-1.372660622411759901e+00,1.411066233995961650e+00,0.000000000000000000e+00
4.340078275066848179e-01,-1.098051493122907285e+00,1.000000000000000000e+00
6.770693371114649972e-01,-1.335664074179847560e-01,1.000000000000000000e+00
-6.017904395264208617e-01,3.708766831101739658e-01,0.000000000000000000e+00
-8.998862394793011310e-01,3.442430140603929267e-01,0.000000000000000000e+00
-2.602186393030425648e-01,1.378236143695464655e+00,0.000000000000000000e+00
2.339717628960514828e-01,-1.073980775582095148e+00,1.000000000000000000e+00
1.559048313621034021e+00,-1.803417365880195966e+00,1.000000000000000000e+00
8.544020305886845801e-01,-1.119097512679025241e+00,1.000000000000000000e+00
-1.312667157151762964e+00,1.488310794834205142e+00,0.000000000000000000e+00
8.969232178411474798e-01,-1.495919215126699564e+00,1.000000000000000000e+00
-3.909597464948572076e-01,8.876295308505071091e-01,0.000000000000000000e+00
2.718604977359730390e-01,-1.719450415904175467e+00,1.000000000000000000e+00
1.690180506889992662e+00,-1.502019736819631079e+00,1.000000000000000000e+00
-8.616725446938825472e-01,-1.089930922770857014e-01,0.000000000000000000e+00
1.362404410345762873e+00,-1.414744510772792285e+00,1.000000000000000000e+00
-1.221993611377599320e+00,6.108654410317756328e-02,0.000000000000000000e+00
6.410327396728409122e-01,-1.420354959433588915e+00,1.000000000000000000e+00
-1.081050748445739673e+00,5.916964027182122221e-01,0.000000000000000000e+00
8.184209227327984282e-01,1.032649571810397571e-01,1.000000000000000000e+00
6.859828783748498360e-01,-1.527481640879487790e+00,1.000000000000000000e+00
1.081964141278709990e+00,-5.849358966959561368e-01,1.000000000000000000e+00
-1.353063765779269900e+00,-1.675032099486568171e+00,0.000000000000000000e+00
-3.770762074455231150e-01,1.532903341756944871e+00,0.000000000000000000e+00
5.110243152387655696e-01,-1.056080123054429887e+00,1.000000000000000000e+00
-2.220587647959421929e-01,1.005868319216630891e+00,0.000000000000000000e+00
-1.173273306014054329e+00,1.062015461703106123e+00,0.000000000000000000e+00
-1.297575009206310304e+00,-1.074661336539699308e+00,0.000000000000000000e+00
-6.441557628252597700e-01,8.920000496791629097e-01,0.000000000000000000e+00
-1.343866990246217030e+00,-1.024120573601234596e-01,0.000000000000000000e+00
-3.117338677095993216e-01,6.236925971571011251e-01,0.000000000000000000e+00
1.672100959502464512e+00,5.942699828538889895e-01,1.000000000000000000e+00
8.933346879102670446e-01,1.328787966292090728e+00,1.000000000000000000e+00
-1.409366039767710743e-01,-1.423335317351374307e+00,1.000000000000000000e+00
1.071529380310863068e-02,-5.357824479756781999e-01,1.000000000000000000e+00
-1.212003235197574469e+00,-9.198077274060697528e-01,0.000000000000000000e+00
-7.532817844346512137e-01,1.439881881290740351e+00,0.000000000000000000e+00
8.711908571635739174e-01,-1.573493249261941340e+00,1.000000000000000000e+00
-2.903981444246779287e-01,-1.182105781037893433e+00,1.000000000000000000e+00
-1.012437502922463706e+00,-7.969652439772935137e-01,0.000000000000000000e+00
1.562043076485955417e+00,-5.052792934633656419e-01,1.000000000000000000e+00
1.501995587535145837e+00,1.363667732783393483e+00,1.000000000000000000e+00
-1.064929317727839164e+00,1.520381957633622827e+00,0.000000000000000000e+00
-1.169462162605845013e+00,-7.484235633551283851e-01,0.000000000000000000e+00
3.224101217456256663e-01,-2.130638567959131646e-01,1.000000000000000000e+00
-9.849753496637173589e-01,6.812124103823963273e-01,0.000000000000000000e+00
-1.160203766521021862e+00,1.418863895928538232e+00,0.000000000000000000e+00
-9.510430456510042818e-01,1.775992696489278877e-01,0.000000000000000000e+00
1.704849876294024069e+00,5.539195868973915138e-01,1.000000000000000000e+00
-7.528977479490736036e-01,1.336347014003518296e+00,0.000000000000000000e+00
-7.113131378916452974e-01,1.415529636061410024e-01,0.000000000000000000e+00
-3.335268089207645836e-01,1.136628424577780683e+00,0.000000000000000000e+00
2.027742208015674008e-01,-9.522539082325016668e-01,1.000000000000000000e+00
2.661138951248408907e-02,-9.081117697072573769e-01,1.000000000000000000e+00
3.213076022428292267e-01,1.221764715666741469e-01,1.000000000000000000e+00
-1.248045466819628357e+00,4.019699918958484219e-01,0.000000000000000000e+00
1.609682403281187835e+00,1.548222736503315211e+00,1.000000000000000000e+00
-4.349152314415721809e-01,9.845369607530712885e-01,0.000000000000000000e+00
-7.934578311813669238e-01,-1.814050353737275689e-01,0.000000000000000000e+00
-2.859385216182014355e-01,1.106572354063979802e+00,0.000000000000000000e+00
-9.908571724864276842e-01,-1.294312521496026602e-01,0.000000000000000000e+00
1.097468904102610221e+00,1.018453135669193932e+00,1.000000000000000000e+00
1.301314408466343275e+00,-1.291322177628865697e+00,1.000000000000000000e+00
5.788236870909462262e-01,-1.350408761260076362e+00,1.000000000000000000e+00
2.783684722460762484e-01,-1.868028418616817454e+00,1.000000000000000000e+00
-1.012553141585460503e+00,8.002123660819892015e-01,0.000000000000000000e+00
1.631064470342320716e+00,2.005352262622634441e-01,1.000000000000000000e+00
6.784948691647854080e-01,-1.102862569217543776e+00,1.000000000000000000e+00
1.072553051057927087e+00,1.360134881715771460e+00,1.000000000000000000e+00
7.566459327375063548e-01,-1.410858369299343940e+00,1.000000000000000000e+00
-1.025167880909999552e+00,-2.154358308105945030e-01,0.000000000000000000e+00
-5.589058558267872012e-01,8.586184307957465123e-01,0.000000000000000000e+00
-1.326277825663722876e+00,-5.440356780856382413e-01,0.000000000000000000e+00
-1.202335158424297612e+00,9.355278228608697733e-01,0.000000000000000000e+00
-1.138843455056002041e+00,-8.141411924044705817e-01,0.000000000000000000e+00
1.560222270885892604e+00,-1.537365000100364976e-01,1.000000000000000000e+00
-1.968614535795247811e-01,1.081398358123947245e+00,0.000000000000000000e+00
2.589851800287911732e-01,-6.257736330767009747e-01,1.000000000000000000e+00
1.455768798388316965e+00,-7.967160330127139867e-01,1.000000000000000000e+00
-1.274339562968724193e+00,9.680604437356944425e-01,0.000000000000000000e+00
-1.199895172912135211e+00,-6.638289100339289650e-01,0.000000000000000000e+00
1.378771183123541855e+00,-6.116730903359542948e-01,1.000000000000000000e+00
-7.747459772165425917e-01,1.474529443159492414e+00,0.000000000000000000e+00
-8.069971752685315414e-01,-1.281948982743836563e-01,0.000000000000000000e+00
-1.361130041152432080e+00,8.965321350817681001e-01,0.000000000000000000e+00
-6.466326016169214874e-01,1.135539948203176053e+00,0.000000000000000000e+00
5.650564349179999502e-01,-3.093277701783025968e-01,1.000000000000000000e+00
1.220751305684850463e+00,-6.274025238648515135e-01,1.000000000000000000e+00
2.532727867398887889e-01,-1.801948877233522150e+00,1.000000000000000000e+00
6.233340982894537419e-01,1.378689557664971865e-01,1.000000000000000000e+00
5.347612080499538623e-01,-6.053216392555518244e-01,1.000000000000000000e+00
9.348243293604681370e-02,1.473833645463469066e+00,0.000000000000000000e+00
-7.938218955239303432e-01,1.238654015925309437e+00,0.000000000000000000e+00
-1.305501203806615829e+00,1.457214581372914486e+00,0.000000000000000000e+00
-1.386029509503585277e+00,1.144264366907142172e+00,0.000000000000000000e+00
8.248528015264954272e-01,3.875911611120171352e-01,1.000000000000000000e+00
1.056893136875125538e+00,1.262127909220809530e+00,1.000000000000000000e+00
-2.915833520120683642e-01,7.081778385425462341e-01,0.000000000000000000e+00
-2.499468872455282709e-01,1.141307303509172533e+00,0.000000000000000000e+00
-1.250492673987422032e+00,5.427046841459619575e-01,0.000000000000000000e+00
-3.479152177729281648e-01,5.509347371129407200e-01,0.000000000000000000e+00
-1.335292632544048175e+00,-7.937146842576506822e-01,0.000000000000000000e+00
-1.126710224927863102e+00,6.085543520063083633e-01,0.000000000000000000e+00
-8.195900820191697189e-01,1.509225919975267560e+00,0.000000000000000000e+00
-2.269426615761560850e-01,1.071485037065701862e+00,0.000000000000000000e+00
1.632124657133364520e+00,-1.639709176049950035e+00,1.000000000000000000e+00
-4.077107642972749302e-01,1.041889304348677436e+00,0.000000000000000000e+00
-1.385821882668929250e+00,1.074769481901408780e-01,0.000000000000000000e+00
3.918401811799904766e-01,-7.900110590378441877e-01,1.000000000000000000e+00
-7.960691380777642490e-01,1.007180431633349027e+00,0.000000000000000000e+00
-3.352571342051723358e-01,1.528335187838984366e+00,0.000000000000000000e+00
-1.004208326933746953e+00,6.926422107017526919e-01,0.000000000000000000e+00
1.287092548212831700e+00,7.431057706602004487e-01,1.000000000000000000e+00
1.038605895942427804e+00,-1.270666998682728144e+00,1.000000000000000000e+00
-2.891027654248415901e-01,1.236486552077533885e+00,0.000000000000000000e+00
-9.068271739825972677e-01,1.131727710386737806e+00,0.000000000000000000e+00
3.324273813856858384e-01,-9.540944704886266114e-01,1.000000000000000000e+00
8.077794431815511489e-01,-1.058698611955429386e-01,1.000000000000000000e+00
-4.802505373156549240e-01,9.597182019859764601e-01,0.000000000000000000e+00
-1.142406180345799438e+00,1.348090887359412848e+00,0.000000000000000000e+00
-9.745559741935219122e-01,-5.991481488794970778e-01,0.000000000000000000e+00
1.544299484560837765e+00,-1.018133774833593463e+00,1.000000000000000000e+00
-8.749085735802184516e-01,-4.325552413814981456e-01,0.000000000000000000e+00
1.669950852976478384e+00,4.549982586356595693e-01,1.000000000000000000e+00
3.628037962915440229e-01,2.198877390244236563e-01,1.000000000000000000e+00
1.192301546533151013e+00,1.555779390182243427e+00,1.000000000000000000e+00
-1.299059933142649781e+00,-9.218535493028373606e-01,0.000000000000000000e+00
-9.061599899812577963e-01,-6.924525926713187562e-01,0.000000000000000000e+00
1.474160114648876085e+00,1.042171907750583548e+00,1.000000000000000000e+00
-1.081795750486076901e+00,7.640772135236212348e-01,0.000000000000000000e+00
1.476200681931693737e+00,2.620234595764033836e-01,1.000000000000000000e+00
-1.079509653995697205e+00,1.449659794156854753e+00,0.000000000000000000e+00
1.413165936181403515e+00,4.537197273552489030e-01,1.000000000000000000e+00
1.423222524734199634e+00,1.273812833453515259e+00,1.000000000000000000e+00
3.853576253935099838e-01,-1.494680423152969784e+00,1.000000000000000000e+00
-1.266385867314201441e+00,1.231212092358281440e+00,0.000000000000000000e+00
9.283062574904218933e-02,-1.291567056821623760e+00,1.000000000000000000e+00
1.304187297407152002e+00,2.400517917960590664e-01,1.000000000000000000e+00
6.147486428878932152e-01,-1.481677982526704129e+00,1.000000000000000000e+00
-8.618234014527614839e-01,7.314766039906739348e-01,0.000000000000000000e+00
1.039824419105593201e+00,-1.756105858595987446e+00,1.000000000000000000e+00
-6.621041943488533699e-01,6.484235430053153504e-01,0.000000000000000000e+00
1.515764693978107314e+00,-8.042255765335037943e-02,1.000000000000000000e+00
1.177027314840545902e+00,-1.349579931984541681e-01,1.000000000000000000e+00
1.653559649441133761e+00,1.526658568665401283e+00,1.000000000000000000e+00
-7.366145056762741783e-01,-1.820456817309117070e-01,0.000000000000000000e+00
-3.557654409782323168e-01,6.612713917462451629e-01,0.000000000000000000e+00
-1.214314237419162001e+00,-1.152083306927849105e+00,0.000000000000000000e+00
7.109018983609317610e-01,9.716906363798987201e-01,1.000000000000000000e+00
1.549762483426341042e+00,-1.160244148570420686e+00,1.000000000000000000e+00
1.891988212588175677e-01,-1.222895848399304652e+00,1.000000000000000000e+00
1.075166554371728145e+00,-6.318878804113815528e-01,1.000000000000000000e+00
1.671332937686362596e+00,1.237872132190715346e+00,1.000000000000000000e+00
-1.149405509015138938e-01,-1.137841220806851350e+00,1.000000000000000000e+00
7.570970299644953494e-01,8.618320757639432728e-01,1.000000000000000000e+00
-1.331871304075812112e+00,-7.763650300447040298e-01,0.000000000000000000e+00
5.628156215144941577e-01,7.341807978061390960e-01,1.000000000000000000e+00
-1.729723150680564092e-01,9.406770131575136196e-01,0.000000000000000000e+00
-6.101370550698496098e-01,4.996860696715681449e-01,0.000000000000000000e+00
-1.165452139973933487e+00,1.472890002802522691e+00,0.000000000000000000e+00
1.106150571471065325e+00,-5.506072050097773340e-01,1.000000000000000000e+00
1.438706854234269139e+00,5.869902257566932402e-01,1.000000000000000000e+00
-3.714826622124320354e-02,-1.067957722408450882e+00,1.000000000000000000e+00
1.320680715536658889e+00,2.817650845241361224e-01,1.000000000000000000e+00
-1.089426118611883210e+00,-1.052179845434116467e+00,0.000000000000000000e+00
-9.632080300562739783e-01,-9.325104245867482655e-01,0.000000000000000000e+00
-9.774101281981160128e-01,6.128498877158515823e-01,0.000000000000000000e+00
9.511660802534397385e-01,-7.958807968486107942e-01,1.000000000000000000e+00
-7.420482886105380649e-01,1.429095652419970497e+00,0.000000000000000000e+00
1.144918768280488219e+00,-4.984903993848301962e-01,1.000000000000000000e+00
-1.140373192789801982e+00,-1.128546536819613477e+00,0.000000000000000000e+00
-1.317804828744699064e+00,1.742726584852891947e-01,0.000000000000000000e+00
-6.321686506365870040e-01,5.574812072524436557e-01,0.000000000000000000e+00
-6.957597655435349138e-01,6.507031464115929920e-01,0.000000000000000000e+00
1.622741689164900913e+00,1.340855166612615168e+00,1.000000000000000000e+00
-3.312600485707253295e-01,9.924414455226269194e-01,0.000000000000000000e+00
-1.092856339353094564e+00,1.215605357288336297e+00,0.000000000000000000e+00
-8.544048604281749837e-01,6.369233804596492743e-02,0.000000000000000000e+00
4.861326777313143555e-01,-6.842086521479378014e-01,1.000000000000000000e+00
-1.414754149963978747e-01,9.811406493379420946e-01,0.000000000000000000e+00
8.551913075195328728e-01,2.833538322195168768e-01,1.000000000000000000e+00
-9.097140712185600719e-01,3.305846735380431611e-01,0.000000000000000000e+00
-1.028511196299837671e+00,-8.900137720749056180e-01,0.000000000000000000e+00
4.742572330338117731e-02,-1.089485257039308763e+00,1.000000000000000000e+00
8.730597166788501839e-01,1.117794901431211407e+00,1.000000000000000000e+00
-9.385376906092575133e-01,1.467788343983936983e+00,0.000000000000000000e+00
5.161639337780417058e-01,-1.865146299960678267e+00,1.000000000000000000e+00
1.239575464730862553e+00,4.861831864516298618e-02,1.000000000000000000e+00
9.572082995804339148e-03,1.446965178816195907e+00,0.000000000000000000e+00
9.846821911312034770e-01,-4.816795365305577559e-02,1.000000000000000000e+00
9.867221748137775528e-01,5.001743008307657501e-01,1.000000000000000000e+00
-9.409569699194343384e-01,1.662200826839192180e-01,0.000000000000000000e+00
3.597420359648272337e-01,-4.695267716200511310e-01,1.000000000000000000e+00
-2.050831713778170085e-01,1.215520148797519351e+00,0.000000000000000000e+00
-8.669369125222460282e-01,8.985332420727133451e-01,0.000000000000000000e+00
-3.982067945492342442e-01,1.054000616778622224e+00,0.000000000000000000e+00
-8.333472447286155438e-01,-1.822066416468633432e-01,0.000000000000000000e+00
-7.082673072687156735e-02,-1.612503309378153560e+00,1.000000000000000000e+00
-1.808566895727568291e-01,1.436243098097082838e+00,0.000000000000000000e+00
-1.052332148957787483e+00,-3.794442815861152618e-01,0.000000000000000000e+00
3.948441138626978542e-01,-3.774729252163103177e-01,1.000000000000000000e+00
-1.367075244931489131e+00,8.926966367203849062e-01,0.000000000000000000e+00
-1.300777676621008849e+00,-7.827912407188634125e-01,0.000000000000000000e+00
-1.175966530156222323e+00,-1.055366901604374963e+00,0.000000000000000000e+00
-8.577518594932200813e-01,-1.735022604541055780e-01,0.000000000000000000e+00
1.184355093950762772e+00,-1.456170957687398237e+00,1.000000000000000000e+00
-1.247178980475625476e+00,-1.562549189838950747e+00,0.000000000000000000e+00
2.726325297451763219e-01,2.060146606388319618e-02,1.000000000000000000e+00
-2.221789152189146410e-01,1.051096423129905366e+00,0.000000000000000000e+00
7.589017562748792134e-01,-1.624465443359496719e+00,1.000000000000000000e+00
-5.667078707387043224e-01,3.255665787960884128e-01,0.000000000000000000e+00
